snow_bin,tot_rev,tot_alpine
1,13.29777777777778,191733.0
3,14.624444444444446,320271.0
2,15.951111111111114,285023.0
2,17.277777777777782,375116.0
