snow_bin,tot_rev,net_sales,tot_alpine
-1,16.9,4.290633,191733.0
1,14.4,4.188185,320271.0
0,16.1,6.10536574,285023.0
0,17.2,5.362724,375116.0
